SectorOne,score
Construction,75.68897637795277
Financial,78.39545167403664
Food and beverages,75.52649456521739
Mining,70.64586357039187
Other,74.21218487394958
